Title,Company,Location
[개발]상담시스템 백엔드 개발자(정규직),위메프,대한민국
Avionics Software Engineer Intern,BOEING,서울
MPK / MPI-SD Joint Postdoctoral Position for Ultrafast Nonlinear Spectroscopy in Solids (Theory),POSTECH / Max Planck POSTECH/KOREA Res. Init.,대한민국
Platform Application Engineer,Intel,서울
AI agent QA(Quality Assurance) Engineer,현대자동차,대한민국
"(하나금융융합기술원) AI/Bigdata 석,박사 연구원(경력직) 채용(지식 엔지니어링)",하나금융티아이,인천 검암경서동
기술 인턴 인공지능 응용 연구/개발 인턴,써로마인드로보틱스,서울 관악구
Data Scientist,Supercell,서울
"금융 데이터 분석 엔진, 로보어드바이저 개발자",에스비씨엔,서울 영등포구
Healthcare Real World Data Analyst 담당자,IQVIA,서울
[Search & Clova] 네이버 웹검색 연구/개발 경력사원,네이버,대한민국
다비오 파이썬(python) 백엔드 개발자,다비오,서울 마포구
AI 기반 로봇 서비스 개발 그룹 IT 인프라 구축,그룹 IT 인프라 구축,서울특별시
2020 상반기 개발직군,딜리버리히어로코리아,서울 서초구
"[해외취업] 캐나다, Framestore, Rigging Technical Director",Framestore,대한민국
카카오톡 보이스톡/페이스톡/라이브톡 개발자,카카오,성남 판교역
데이터 엔지니어,리디,서울특별시
솔루션 프론트엔드 개발자,Nexon,성남 분당구
Support Engineer _ Devices & IoT,Microsoft,서울
Application Backend Developer,BOEING,서울
[Search&Clova] Clova AI / AiCall 개발자 경력사원,네이버,대한민국
"Computer Vision Engineer, Perception – Autonomous Vehicles",NVIDIA,서울
[개발]위메프패션 백엔드 개발자(정규직),위메프,대한민국
BR&T Software Engineer Intern,BOEING,서울
분석 플랫폼 웹 프론트 엔지니어,Nexon,성남 분당구
대용량 분산 스토리지 개발자,카카오,성남 판교역
추천 시스템 소프트웨어 엔지니어,카카오,성남 판교역
Business Data Analyst,Soomgo,서울 강남구
Support Engineer _ Azure PaaS,Microsoft,서울
글로벌 소비재기업 APAC담당 Sr. Enterprise Architect 포지션 ASAP,글로벌 소비재기업,서울
[월간 카카오 3월] AdTech/비즈플랫폼 주니어 경력 개발자,카카오,대한민국
추천 시스템 연구/개발,카카오,성남 판교역
제조공정Deep Learning/AI 전문가 대그룹계열제조사,대그룹계열제조사,서울특별시
[해외취업] Sales Application Engineer,Materialise Sdn Bhd,대한민국
Quant 트레이딩 부문,벨에포크자산운용,대한민국
챗봇 플랫폼 개발자,카카오,성남 판교역
Data Analytics Analyst - SOCKOR,Barbaricum,서울
카카오 네트워크 엔지니어,카카오,성남 판교역
Data Scientist,Soomgo,서울 강남구
Solutions Architect,Cloudera,대한민국
Data Center Technician,Amzn Corporate Services Korea,서울
메시지발송 플랫폼 개발자,Nexon,성남 분당구
Software Engineer (Backend),Streami,서울
MongoDB Engineer,카카오,성남 판교역
광고팀 - 분석가,Nexon,성남 분당구
이탈방지팀-서비스 개발자,Nexon,성남 분당구
MySQL Engineer,카카오,성남 판교역
[Search&Clova] Clova 머신러닝 Scientist 개발 신입/경력사원,네이버,대한민국
데이터 전문가 경력,LG CNS,서울
Systems Engineer,Hewlett Packard Enterprise,대전
MPK / MPI-SD Joint Postdoctoral Position for Ultrafast Nonlinear Spectroscopy in Solids (Theory),POSTECH / Max Planck POSTECH/KOREA Res. Init.,대한민국
IKEA Tech Graduate Programme,IKEA,"Älmhult, Sweden"
Python Backend Developer (m/f/d) - Industrial Data Science and Software,Smart Steel Technologies GmbH,"Berlin, Germany"
Frontend Software Engineer (m/f/d) - Industrial Data Science and Software,Smart Steel Technologies GmbH,"Berlin, Germany"
Embedded Software Engineer - POSIX RTOS (Madrid OR Barcelona),Silicon Gears SL,"Madrid, Spain"
Scientific Applications Developer,DownUnder GeoSolutions Pty Ltd,"West Perth, Australia"
Webデザイナー/フロントエンド/コーダー,株式会社デジアサ,"Fukushima, Japan"
顧客向けSE/アプリ,シルバーエッグ・テクノロジー株式会社,"Suita, Japan"
製品開発[IT]/開発,株式会社フィット,"Daito, Japan"
Javaエンジニア(クラウド案件),type転職エージェント,"Shinjuku City, Japan"
Java/インターネットバンクのオープンAPI保守開発,株式会社ブレーンネット,"Shibuya City, Japan"
組込E/開発･プログラミング,株式会社デザインネットワーク,"Shizuoka, Japan"
Senior Backend Python Developer,PolySignviaVega Partners Inc,"San Francisco, CA"
顧客向けSE/アプリ,中央コンピューターサービス株式会社,"Sapporo, Japan"
Senior Infrastructure Engineer,PolySignviaVega Partners Inc,"San Francisco, CA"
Webエンジニア / モバイル/アプリサービス,株式会社 Globee,"Minato City, Japan"
プロダクトマネージャー,Glossom株式会社,"Shinjuku City, Japan"
AWS Devops Engineer,Torry Harris,"Bengaluru, India"
DevOps Engineer,ADCI - Karnataka,"Bengaluru, India"
DevOps - Deployment and Testing,Zinier,"Bengaluru, India"
DevOps/SRE Engineer,Oath Inc,"Bengaluru, India"
DevOps Engineering,ClearTax,"Bengaluru, India"
Devops Professionals,myApps,"Bengaluru, India"
SDET + Devops,Origin HR,"Bengaluru, India"
DevOps - AWS Operations,Zinier,"Bengaluru, India"
Head of DevOps,Client of Symmetrical,"Bengaluru, India"
DevOps Engineer,FICO,"Bengaluru, India"
Devops Engineer - Bangalore,Diverse Lynx India,"Bengaluru, India"
AWS Devops Engineer,THBS,"Bengaluru, India"
DevOps Engineer,Tektronix,"Bengaluru, India"
DevOps Engineer,Saraca Solutions,"Bengaluru, India"
Devops Engineer,McAfee,"Bengaluru, India"
DevOps Engineer,Razorpay,"Bengaluru, India"
DevOps,technosoft corporation,"Bengaluru, India"
Devops-I/II,Lendingkart,"Bengaluru, India"
Junior DevOps Specialist,DigitalAPICraft,"Bengaluru, India"
DevOps Engineer (India),Picarro,"Bengaluru, India"
Lead DevOps,MoveInSync Technology Solutions,"Bengaluru, India"
Python (DevOps),Diverse Lynx India,"Bengaluru, India"
DevOps Engineer (3 Positions),Borgos Technologies,"Bengaluru, India"
Devops - COS,Elektrobit Automotive,"Bengaluru, India"
Devops Engineer- “Startup Ready” – Coder,CareerXperts,"Bengaluru, India"
CICD- Devops Engineer,Alten Calsoft Labs,"Bengaluru, India"
Looking For Devops Experts For our Software division,Canarys Automations Pvt Ltd.,"Bengaluru, India"
PHP Developer,Slingpe Software Pvt Ltd,"Bengaluru, India"
ソフトウェアエンジニア(バックエンド)・日本最大級のBtoBオンラインストア(東証一部上場),ヒューレックス株式会社,"Osaka, Japan"
インフラエンジニア,株式会社mediba,"Minato City, Japan"
品質管理･テスティング[IT],株式会社ウェブレッジ,"Chiyoda City, Japan"
社内SE/インフラ,株式会社MICIN,"Chiyoda City, Japan"
Full Stack Developer,CL Tech Solutions,"Chennai, India"
Full Stack Developer,City Goddess Ltd,"Chennai, India"
